<?xml version="1.0" encoding="UTF-8"?>
<!DOCTYPE suite SYSTEM "https://testng.org/testng-1.0.dtd">
<suite name="LeadSuite">
  <test thread-count="5" name="Test">
    <classes>
      <class name="week2.day1.CreateLead"/>
     <!-- <class name="week2.day1.DuplicateLead"/> -->
     <!-- <class name="week2.day1.DeleteLead"/> -->
    </classes>
  </test> <!-- Test -->
  
  <test thread-count="5" name="Test1">
    <classes>
      <class name="week2.day2.CheckBox"/>
    </classes>
  </test> <!-- Test1 -->
  
</suite> <!-- LeadSuite -->
